identity,wage,hours,IQ,KWW,educ,exper,tenure,age,married,black,urban,sibs,lwage
1,769,40,93,35,12,11,2,31,1,0,1,1,6.645091
2,808,50,119,41,18,11,16,37,1,0,1,1,6.694562
3,825,40,108,46,14,11,9,33,1,0,1,1,6.715384
4,650,40,96,32,12,13,7,32,1,0,1,4,6.476973
5,562,40,74,27,11,14,5,34,1,0,1,10,6.331502
6,1400,40,116,43,16,14,2,35,1,1,1,1,7.244227
7,600,40,91,24,10,13,0,30,0,0,1,1,6.39693
8,1081,40,114,50,18,8,14,38,1,0,1,2,6.985642
9,1154,45,111,37,15,13,1,36,1,0,0,2,7.05099
10,1000,40,95,44,12,16,16,36,1,0,1,1,6.907755
11,930,43,132,44,18,8,13,38,1,0,0,1,6.835185
12,921,38,102,45,14,9,11,33,1,0,0,1,6.82546
13,900,45,125,40,15,4,3,30,0,0,0,2,6.802395
14,1318,38,119,24,16,7,2,28,1,0,1,3,7.183871
15,1792,40,118,47,16,9,9,34,1,0,1,1,7.491087
16,958,50,105,37,10,17,2,35,1,0,1,1,6.864848
17,1360,45,109,39,15,6,9,36,1,0,1,3,7.21524
18,850,40,72,36,11,19,10,38,1,0,1,2,6.745236
19,830,44,105,29,14,4,7,29,1,0,1,3,6.721426
20,471,44,101,34,12,13,7,31,1,0,1,3,6.154858
21,1275,40,123,37,14,9,1,31,1,0,1,0,7.150702
22,1615,50,113,49,16,10,4,36,1,0,1,2,7.38709
23,873,65,95,36,12,14,3,38,1,0,1,5,6.771935
24,2137,45,145,50,16,17,8,38,1,0,1,2,7.667158
25,1053,38,114,35,16,12,7,32,1,0,1,0,6.959399
26,1602,60,124,32,16,8,9,29,1,0,1,3,7.379008
27,1188,40,93,40,13,16,5,35,1,0,1,2,7.080027
28,800,40,115,39,18,11,1,35,1,0,1,0,6.684612
29,1417,48,125,41,17,9,4,34,1,0,1,3,7.256297
30,635,40,128,35,18,8,13,36,0,0,1,2,6.453625
31,1000,40,103,40,12,17,2,34,1,0,1,1,6.907755
32,1424,50,98,41,14,15,4,35,1,0,1,1,7.261225
33,2668,75,108,41,13,12,2,32,1,0,1,1,7.889084
34,666,75,129,40,18,8,12,38,1,0,0,2,6.50129
35,1779,40,132,42,17,8,9,32,1,0,1,1,7.483807
36,782,40,92,24,13,9,10,31,1,0,1,3,6.661855
37,1572,35,108,39,14,7,5,28,1,1,1,1,7.360104
38,1274,40,106,35,13,11,12,31,1,0,1,0,7.149917
39,714,35,105,37,16,9,2,29,1,0,1,1,6.570883
40,1081,40,123,46,18,11,7,36,1,0,0,1,6.985642
41,692,40,108,48,12,21,11,38,1,0,1,3,6.539586
42,1318,38,122,47,17,10,9,33,1,0,1,1,7.183871
43,1239,45,109,44,12,16,4,38,1,0,1,3,7.12206
44,1027,27,100,40,13,12,15,38,1,0,1,3,6.934397
45,1748,55,125,50,18,12,12,34,1,0,1,1,7.466228
46,981,40,122,41,14,9,15,35,0,0,1,3,6.888573
47,770,40,105,34,17,7,11,30,1,0,1,3,6.64639
48,1154,50,94,37,16,11,5,33,1,0,1,1,7.05099
49,1155,40,102,36,12,16,5,34,1,0,1,1,7.051856
50,808,60,109,47,13,14,12,38,1,0,1,2,6.694562
51,1100,40,105,45,12,22,14,38,1,0,1,1,7.003066
52,1154,40,134,46,18,10,10,37,1,0,1,2,7.05099
53,1749,40,108,32,12,13,9,29,0,0,1,7,7.466799
54,1000,50,104,36,16,11,8,30,1,0,1,1,6.907755
55,462,40,112,35,12,11,1,29,1,0,1,8,6.135565
56,769,55,120,49,18,8,12,32,0,0,1,1,6.645091
57,875,50,124,40,16,9,3,31,0,0,0,2,6.774224
58,1375,40,103,34,12,12,7,29,1,0,1,4,7.226209
59,1452,45,115,45,17,1,7,30,1,0,1,3,7.280697
60,800,40,96,33,12,17,12,35,1,0,1,1,6.684612
61,1748,55,123,48,17,10,7,36,1,0,1,1,7.466228
62,1151,40,98,34,12,12,12,29,1,0,1,3,7.048387
63,840,50,96,34,12,18,13,35,1,0,1,2,6.733402
64,978,45,89,47,12,17,2,38,1,0,1,0,6.885509
65,619,42,93,20,12,10,10,28,0,0,1,8,6.428105
66,442,60,82,32,12,12,0,33,1,0,1,2,6.09131
67,600,40,120,45,15,12,1,38,1,0,0,3,6.39693
68,1366,38,122,38,12,15,15,32,1,0,1,1,7.219642
69,1643,48,117,48,18,8,2,33,1,0,1,2,7.404279
70,1455,40,109,44,16,8,13,36,1,0,1,1,7.282761
71,2310,40,114,55,18,12,7,38,1,0,1,2,7.745003
72,1682,45,126,40,16,10,11,31,1,0,1,1,7.427739
73,1235,40,82,45,12,10,2,33,1,0,1,1,7.118826
74,855,45,119,45,16,11,4,32,1,0,1,3,6.751101
75,1072,42,104,37,16,6,8,35,1,0,1,2,6.977282
76,1040,40,115,49,15,8,15,35,1,0,1,3,6.946976
77,1000,50,97,45,12,17,15,36,1,0,1,1,6.907755
78,675,40,105,27,15,8,2,31,1,0,0,3,6.514713
79,1100,37,100,32,12,14,1,30,1,0,1,1,7.003066
80,996,50,114,41,12,5,14,31,1,0,1,2,6.903747
81,1200,40,96,48,11,15,3,37,1,0,1,4,7.090077
82,1694,30,113,30,15,9,8,29,0,0,1,3,7.434848
83,686,55,106,38,10,15,3,36,1,0,1,4,6.530878
84,754,40,104,37,13,9,5,32,1,0,1,1,6.625392
85,857,35,80,39,10,14,15,33,1,0,1,2,6.753438
86,832,50,104,30,13,4,2,30,1,0,1,1,6.723833
87,579,44,122,36,13,8,1,30,1,0,0,4,6.361302
88,672,61,96,38,12,13,3,34,1,0,1,2,6.510258
89,2500,40,95,51,15,12,9,36,1,0,1,3,7.824046
90,1076,45,105,24,12,5,8,31,0,0,1,1,6.981006
91,750,40,94,18,12,16,3,37,1,1,1,7,6.620073
92,1186,30,91,41,17,8,9,33,1,0,1,1,7.078341
93,833,48,96,37,16,9,7,31,1,0,1,4,6.725034
94,650,40,69,37,12,14,11,30,1,1,1,3,6.476973
95,1250,46,110,37,12,5,16,38,1,0,0,1,7.130899
96,1122,48,111,44,15,12,9,31,1,0,1,3,7.022868
97,865,40,110,35,16,1,11,31,1,0,1,3,6.76273
98,808,40,97,37,16,10,7,29,1,0,1,3,6.694562
99,1299,60,125,44,18,6,12,35,0,0,1,1,7.16935
100,903,40,91,39,12,6,12,36,1,0,1,5,6.805723
101,900,40,86,28,12,17,15,37,1,0,1,5,6.802395
102,625,40,110,32,12,18,0,35,1,0,1,4,6.437752
103,1586,40,92,47,14,16,1,36,1,0,1,4,7.36897
104,962,40,85,41,10,15,16,38,1,0,1,1,6.869014
105,1539,45,120,36,17,7,8,34,1,0,1,1,7.338888
106,1110,52,106,42,12,11,6,33,1,0,0,5,7.012115
107,1282,45,112,41,16,6,6,31,0,0,1,2,7.156177
108,770,48,91,39,12,13,2,38,1,0,1,1,6.64639
109,1000,45,90,42,12,16,0,38,1,0,1,6,6.907755
110,1205,40,86,32,10,13,0,32,1,1,1,5,7.094235
111,750,40,113,27,12,11,10,29,1,0,0,1,6.620073
112,654,50,111,51,13,5,16,38,1,0,1,3,6.483108
113,601,48,111,30,12,15,3,33,1,0,1,0,6.398595
114,600,40,106,32,13,10,11,28,1,0,1,6,6.39693
115,433,40,98,28,12,11,10,30,0,0,1,1,6.070738
116,1188,40,105,28,12,11,7,30,1,0,1,3,7.080027
117,635,40,105,29,12,15,15,33,1,0,0,2,6.453625
118,1225,40,118,44,13,9,14,32,1,0,1,0,7.110696
119,1151,45,90,38,12,19,19,36,1,0,1,1,7.048387
120,865,40,95,34,12,15,11,32,0,0,1,3,6.76273
121,1031,40,112,24,14,9,5,29,1,0,1,4,6.938284
122,1049,55,120,39,12,9,11,32,1,0,1,3,6.955593
123,1000,45,123,41,12,12,1,29,1,0,1,3,6.907755
124,1105,40,103,32,13,10,11,30,1,0,1,1,7.007601
125,1924,50,121,40,18,11,7,35,1,0,1,3,7.562161
126,1346,40,90,44,16,9,16,38,1,0,1,1,7.204893
127,809,65,125,32,12,11,10,29,1,0,1,0,6.695799
128,1495,45,109,34,18,10,3,32,1,0,1,3,7.309882
129,1346,50,128,46,16,10,1,33,0,0,0,3,7.204893
130,1200,40,97,35,12,10,4,31,1,0,1,3,7.090077
131,500,40,96,35,12,6,0,33,1,0,1,4,6.214608
132,1325,45,97,44,12,12,5,28,1,0,1,1,7.189168
133,900,40,78,21,12,16,5,33,1,1,1,4,6.802395
134,800,40,112,39,12,15,3,34,1,0,1,6,6.684612
135,800,40,88,32,12,16,7,38,1,0,1,3,6.684612
136,1034,40,97,39,12,15,16,36,1,0,1,14,6.94119
137,980,40,101,41,12,4,12,36,1,0,1,1,6.887553
138,884,40,106,42,10,19,12,34,1,0,1,2,6.784457
139,480,40,59,28,10,11,5,34,0,0,1,0,6.173786
140,923,40,105,54,18,7,14,34,1,0,1,1,6.827629
141,513,45,119,30,17,8,5,31,0,0,1,1,6.240276
142,1105,40,93,36,11,17,16,37,0,0,1,2,7.007601
143,1193,50,82,38,12,19,10,36,1,0,1,0,7.084227
144,2771,50,134,45,18,6,7,34,1,0,1,4,7.926963
145,779,40,84,29,12,9,6,30,1,0,1,0,6.658011
146,950,60,98,36,11,13,6,31,1,0,1,2,6.856462
147,1394,40,118,41,16,11,8,30,1,0,0,2,7.239933
148,1495,45,113,50,17,13,9,33,1,0,1,3,7.309882
149,650,40,100,18,12,4,3,28,1,0,1,6,6.476973
150,670,40,93,27,13,9,5,29,1,0,1,2,6.507277
151,1126,40,119,30,16,5,8,32,1,0,1,1,7.026427
152,450,64,67,19,12,11,1,33,0,1,1,6,6.109248
153,1028,40,111,28,12,19,12,37,1,1,1,3,6.93537
154,2404,50,106,38,15,8,0,32,1,0,1,2,7.784889
155,1899,40,127,49,18,9,14,36,0,0,1,0,7.549083
156,757,40,113,35,16,10,9,33,1,0,1,2,6.629363
157,1250,40,115,36,14,9,1,29,1,0,1,2,7.130899
158,1162,48,102,40,16,8,11,31,1,0,1,3,7.057898
159,1025,40,85,29,15,9,13,29,1,1,1,6,6.932448
160,1100,50,117,51,16,11,12,32,1,0,0,0,7.003066
161,714,35,125,34,16,7,5,28,1,0,1,4,6.570883
162,1318,35,118,47,16,16,17,37,1,0,0,1,7.183871
163,1411,45,121,40,18,14,3,38,1,0,1,3,7.252054
164,2162,40,115,51,17,4,4,38,1,0,1,1,7.678789
165,1273,55,120,44,14,11,16,36,1,0,0,1,7.149132
166,1140,48,109,43,12,16,15,35,1,0,1,2,7.038784
167,578,40,109,28,13,7,4,30,0,0,1,1,6.359574
168,1058,40,85,50,12,17,8,38,1,0,0,4,6.964136
169,750,40,106,32,14,9,9,29,1,0,1,1,6.620073
170,1000,60,101,30,12,11,6,30,1,0,1,3,6.907755
171,951,60,116,40,12,9,7,30,1,0,1,4,6.857514
172,635,47,91,24,12,13,2,31,1,0,1,2,6.453625
173,1250,40,91,28,12,13,1,34,1,0,1,3,7.130899
174,675,40,110,34,12,6,15,34,1,0,1,2,6.514713
175,400,40,75,33,12,11,6,32,1,0,1,4,5.991465
176,577,50,94,17,12,9,8,29,1,0,1,2,6.357842
177,590,40,109,27,13,10,7,29,1,0,0,2,6.380123
178,923,50,122,38,16,10,10,31,1,0,0,1,6.827629
179,1250,50,102,26,12,6,2,32,0,0,1,4,7.130899
180,1100,40,122,38,14,11,8,33,1,0,1,2,7.003066
181,1130,50,105,38,12,18,2,37,1,0,1,4,7.029973
182,652,50,113,37,12,14,4,36,0,0,1,1,6.480044
183,618,42,104,34,12,6,2,30,1,0,1,3,6.426488
184,962,50,124,43,16,7,14,34,1,0,1,2,6.869014
185,529,40,110,31,13,14,11,32,1,0,0,1,6.270988
186,817,40,95,37,12,16,14,33,1,0,0,2,6.705639
187,962,40,120,39,16,8,9,32,1,0,0,0,6.869014
188,840,40,105,39,12,19,15,38,1,0,0,3,6.733402
189,866,40,121,30,16,7,4,28,1,0,0,1,6.763885
190,2404,50,96,42,14,1,1,36,1,0,1,5,7.784889
191,1126,40,110,26,12,16,2,32,1,0,1,6,7.026427
192,1160,40,92,32,12,8,8,31,1,0,0,4,7.056175
193,723,40,98,34,12,15,5,38,1,0,1,1,6.583409
194,1778,40,109,43,16,14,13,36,1,0,1,0,7.483244
195,1903,48,118,44,18,13,5,36,1,0,0,0,7.551187
196,1010,40,97,42,18,7,14,34,1,0,1,4,6.917706
197,971,40,95,42,17,5,11,37,1,0,1,1,6.878326
198,525,40,99,40,12,9,2,34,1,0,1,2,6.263398
199,525,40,106,31,12,12,13,30,1,0,0,1,6.263398
200,670,45,117,33,12,10,3,30,1,0,0,5,6.507277
201,500,45,90,47,12,19,4,37,1,0,0,0,6.214608
202,550,46,95,44,12,18,15,35,1,0,1,1,6.309918
203,500,45,115,43,12,14,1,32,1,0,1,1,6.214608
204,727,55,106,40,15,10,5,31,0,0,1,1,6.588926
205,865,40,114,26,12,6,8,30,1,0,0,2,6.76273
206,1081,40,92,34,13,8,2,30,1,0,1,3,6.985642
207,1304,45,119,36,17,9,9,31,1,0,0,1,7.173192
208,575,40,85,32,13,6,1,30,1,0,0,1,6.35437
209,623,45,98,34,16,7,1,30,1,0,0,3,6.434546
210,515,45,114,30,13,8,10,28,1,0,0,3,6.244167
211,1273,55,84,42,18,14,4,37,1,0,1,1,7.149132
212,990,40,108,42,13,13,9,33,1,0,0,4,6.897705
213,600,40,107,32,12,16,6,33,1,0,0,5,6.39693
214,1160,40,84,35,12,17,2,38,1,0,0,4,7.056175
215,500,55,86,22,12,11,9,29,1,0,0,5,6.214608
216,795,45,88,27,12,17,18,35,1,0,0,2,6.678342
217,740,50,84,31,10,23,13,38,1,0,0,5,6.60665
218,1250,40,117,45,16,10,7,33,1,0,1,1,7.130899
219,1014,55,110,42,16,13,9,30,0,0,1,1,6.921658
220,1250,32,104,32,13,13,3,33,1,0,1,3,7.130899
221,913,40,110,26,14,4,13,29,1,0,1,3,6.816736
222,1346,40,99,33,16,9,8,30,1,0,1,2,7.204893
223,1250,40,117,31,14,7,1,28,1,0,1,1,7.130899
224,1452,35,69,33,16,12,15,38,1,1,1,7,7.280697
225,1391,50,109,38,12,14,8,32,1,1,1,1,7.237778
226,821,45,85,39,16,8,2,32,1,0,1,5,6.710523
227,794,40,114,36,16,9,7,29,1,0,1,1,6.677083
228,520,50,107,30,18,6,3,29,1,0,0,10,6.253829
229,1730,50,117,41,18,12,12,37,1,0,1,1,7.455877
230,1924,50,112,47,18,9,10,38,1,0,1,6,7.562161
231,1155,60,106,46,18,10,2,37,1,0,1,3,7.051856
232,2162,40,116,38,15,9,4,31,1,0,1,2,7.678789
233,923,50,123,44,14,8,7,31,1,0,1,1,6.827629
234,1115,40,118,40,16,12,13,33,1,0,1,1,7.01661
235,1500,40,103,29,12,10,11,34,1,0,1,2,7.313221
236,826,40,114,40,14,20,3,37,1,0,1,4,6.716595
237,937,40,102,36,12,16,8,35,1,0,1,3,6.842683
238,978,48,104,36,12,19,15,36,1,0,1,5,6.885509
239,1031,40,112,43,14,14,12,33,0,0,1,6,6.938284
240,1272,40,107,39,12,10,1,30,1,0,1,4,7.148346
241,1136,50,117,36,14,16,12,34,1,0,1,2,7.035269
242,800,45,110,36,12,19,12,36,1,0,1,7,6.684612
243,1339,38,96,42,12,8,9,33,1,0,1,0,7.199678
244,1063,40,90,38,12,14,12,32,1,1,1,2,6.968851
245,935,44,97,27,12,10,6,29,1,0,1,2,6.840547
246,808,40,99,40,12,18,13,38,1,1,1,0,6.694562
247,375,40,99,29,10,12,2,30,1,0,0,3,5.926926
248,537,40,97,32,12,14,8,31,0,1,1,2,6.285998
249,1082,55,95,40,12,11,4,29,1,1,1,2,6.986567
250,1155,40,109,49,17,13,4,38,1,0,0,3,7.051856
251,548,40,86,22,11,7,0,33,1,1,1,5,6.306275
252,622,45,119,48,16,12,1,33,1,0,1,0,6.43294
253,841,40,102,38,16,10,1,29,1,0,1,3,6.734591
254,769,55,105,45,18,7,15,38,0,0,1,2,6.645091
255,587,38,117,40,17,8,5,29,1,0,0,3,6.375025
256,1924,45,112,40,16,17,18,38,1,0,1,1,7.562161
257,1058,40,89,28,12,7,3,29,1,0,1,2,6.964136
258,417,48,131,39,12,7,1,28,0,0,1,1,6.033086
259,1202,48,114,28,16,6,6,28,1,0,1,3,7.091742
260,1154,40,98,35,14,18,2,37,1,0,1,1,7.05099
261,1202,40,125,30,14,10,11,29,1,0,1,2,7.091742
262,711,45,100,38,18,13,3,36,1,0,1,1,6.566672
263,1202,40,84,21,14,6,5,31,1,1,1,2,7.091742
264,850,43,113,26,12,7,3,28,1,0,1,1,6.745236
265,1000,40,102,46,16,13,11,35,1,0,1,6,6.907755
266,490,49,82,33,18,7,8,31,0,0,1,2,6.194406
267,1000,40,112,47,14,15,4,35,1,0,1,4,6.907755
268,865,40,111,38,16,11,4,31,1,0,1,4,6.76273
269,1375,40,96,24,13,3,3,30,1,0,1,3,7.226209
270,1586,40,127,48,16,16,12,37,1,0,1,4,7.36897
271,1602,65,97,47,15,14,14,37,1,0,1,1,7.379008
272,3078,65,120,50,14,12,13,36,1,0,1,1,8.032035
273,898,40,101,41,16,7,9,35,0,0,1,3,6.80017
274,906,40,120,40,14,16,2,37,1,0,1,5,6.809039
275,952,40,99,34,13,10,10,31,1,1,1,1,6.858565
276,571,40,78,33,13,10,1,29,0,1,1,5,6.347389
277,445,45,110,23,12,15,13,32,0,0,1,2,6.098074
278,289,40,94,35,12,9,0,30,1,0,1,2,5.666427
279,1444,40,120,50,16,12,15,37,1,0,1,1,7.275172
280,962,55,108,45,12,19,21,36,1,0,1,3,6.869014
281,1075,40,103,31,12,17,10,33,1,0,1,13,6.980076
282,909,55,97,39,11,17,5,35,1,0,1,7,6.812345
283,1250,40,106,36,12,14,19,35,1,0,1,4,7.130899
284,1016,40,72,18,10,14,15,37,1,1,1,8,6.923629
285,800,40,88,29,10,21,14,37,1,1,1,8,6.684612
286,1050,40,119,37,16,7,18,37,0,0,1,2,6.956545
287,1079,50,87,33,12,18,9,36,1,0,1,5,6.98379
288,654,50,121,49,17,12,13,34,1,0,1,1,6.483108
289,781,50,112,33,12,8,10,30,1,0,1,2,6.660575
290,1038,48,103,36,15,8,2,36,1,0,0,2,6.945051
291,1924,50,99,48,16,16,14,37,1,0,1,0,7.562161
292,1202,40,101,40,15,15,17,37,1,0,1,3,7.091742
293,905,45,109,41,14,11,14,36,1,0,1,3,6.807935
294,890,70,73,46,12,6,8,31,1,0,1,3,6.791222
295,817,40,116,27,16,10,7,31,1,0,0,1,6.705639
296,812,40,98,42,12,10,2,29,0,0,1,3,6.699501
297,577,60,104,43,14,6,2,30,1,0,1,2,6.357842
298,756,40,78,29,14,9,2,31,1,0,1,2,6.628041
299,1155,45,85,39,12,14,1,34,1,0,1,2,7.051856
300,1025,40,104,25,12,12,7,29,1,0,1,3,6.932448
301,1001,40,109,48,12,20,22,37,1,0,1,1,6.908755
302,796,48,119,31,13,16,15,37,1,1,1,7,6.679599
303,1230,50,96,33,13,11,12,30,1,0,1,3,7.114769
304,714,40,90,32,12,17,1,37,1,0,0,5,6.570883
305,1000,45,103,29,15,8,3,32,1,0,1,3,6.907755
306,2067,40,106,41,16,12,13,33,1,0,1,2,7.633853
307,912,40,96,32,16,11,5,30,1,0,1,2,6.81564
308,600,40,114,39,12,8,5,30,1,0,1,6,6.39693
309,951,40,86,33,11,13,1,31,1,0,1,3,6.857514
310,711,45,110,38,16,8,5,32,1,0,1,3,6.566672
311,1151,48,87,41,12,18,9,38,1,0,1,2,7.048387
312,1000,40,89,31,12,9,5,28,1,0,1,2,6.907755
313,841,44,106,40,12,15,10,31,1,0,1,5,6.734591
314,400,70,100,43,12,12,3,32,1,0,1,3,5.991465
315,1175,45,111,38,12,17,14,34,1,0,1,0,7.069024
316,1202,40,100,40,12,18,2,37,1,0,1,0,7.091742
317,1442,40,114,38,12,16,17,33,1,0,1,2,7.273787
318,538,55,98,45,18,5,1,34,1,0,1,2,6.287858
319,781,40,89,24,11,13,10,30,1,0,1,3,6.660575
320,750,60,74,23,10,13,9,30,1,0,1,4,6.620073
321,841,48,110,37,18,13,1,37,0,1,1,1,6.734591
322,700,50,130,29,13,14,1,38,1,0,1,1,6.55108
323,1346,50,108,51,16,9,4,36,1,0,1,1,7.204893
324,800,45,98,31,12,16,12,33,1,0,0,3,6.684612
325,1250,40,125,27,16,9,10,30,1,0,1,3,7.130899
326,1105,40,104,29,16,5,8,29,1,0,1,3,7.007601
327,475,52,98,33,14,12,1,30,0,0,1,6,6.163315
328,762,58,104,37,15,6,4,33,1,0,0,2,6.635947
329,962,40,120,33,12,18,19,36,1,0,1,3,6.869014
330,721,40,134,38,13,9,9,30,0,0,1,3,6.580639
331,800,50,92,28,9,18,13,34,1,0,1,0,6.684612
332,658,40,129,34,16,11,9,30,1,0,1,2,6.489205
333,1270,40,118,42,14,4,16,36,1,0,1,2,7.146772
334,824,42,92,37,12,19,15,38,1,0,1,1,6.71417
335,1442,40,118,33,16,6,7,29,1,0,1,2,7.273787
336,1400,42,108,38,17,7,3,31,1,0,1,2,7.244227
337,1038,50,119,42,12,20,5,36,1,0,0,3,6.945051
338,668,43,109,29,12,11,12,29,1,0,0,2,6.504288
339,1100,40,91,41,12,18,10,36,1,0,0,2,7.003066
340,1000,45,118,38,14,9,7,30,1,0,1,3,6.907755
341,523,43,119,37,13,9,2,30,1,0,0,4,6.259582
342,1111,40,103,33,14,13,13,31,1,0,0,6,7.013016
343,962,40,120,25,16,6,4,28,1,0,0,4,6.869014
344,729,47,122,40,18,6,13,34,1,0,1,3,6.591674
345,690,40,119,35,12,9,5,28,1,0,1,1,6.536692
346,1010,50,104,37,11,15,7,38,1,0,0,6,6.917706
347,600,40,96,22,11,7,2,29,1,0,1,4,6.39693
348,596,40,83,36,12,16,17,34,1,0,0,3,6.390241
349,670,40,88,27,12,9,2,29,1,0,1,7,6.507277
350,793,40,96,43,12,17,18,36,1,0,0,4,6.675823
351,1442,40,123,42,17,14,7,38,1,0,0,2,7.273787
352,670,50,108,43,12,14,8,34,1,0,1,5,6.507277
353,876,45,116,35,16,10,8,29,1,0,1,2,6.775366
354,841,40,109,45,18,13,2,36,1,0,0,3,6.734591
355,975,40,97,39,13,8,0,31,1,0,1,3,6.882438
356,1223,40,107,34,12,7,3,28,1,0,0,1,7.109062
357,910,30,95,27,12,16,5,35,1,0,1,2,6.813445
358,533,45,109,31,15,8,2,30,1,0,1,2,6.278522
359,750,40,104,36,12,15,11,33,1,0,0,0,6.620073
360,1206,40,110,37,12,16,4,38,1,0,1,1,7.095064
361,745,40,94,40,13,17,1,36,0,0,0,2,6.613384
362,900,40,103,38,12,15,1,37,1,0,0,3,6.802395
363,1170,47,123,45,14,9,14,32,1,0,1,3,7.064759
364,540,50,113,33,12,12,3,31,1,0,0,5,6.291569
365,615,40,100,31,14,9,4,30,1,0,0,3,6.421622
366,909,40,95,39,13,6,2,31,1,0,1,2,6.812345
367,769,40,100,34,12,18,12,36,1,0,0,1,6.645091
368,984,40,108,39,13,17,18,37,1,0,1,4,6.891626
369,833,60,101,47,12,15,12,37,1,0,1,5,6.725034
370,879,70,90,43,12,17,10,35,0,0,1,1,6.778785
371,1027,45,115,41,12,16,7,35,1,0,1,4,6.934397
372,465,43,84,33,13,10,1,29,1,0,1,3,6.142037
373,1100,40,92,37,13,21,12,38,1,1,1,6,7.003066
374,641,45,125,44,14,9,0,37,1,0,1,1,6.463029
375,1035,48,107,42,12,21,14,38,1,0,1,1,6.942157
376,1212,40,129,33,14,9,3,32,0,0,1,6,7.100027
377,950,40,98,40,12,11,6,30,1,0,1,3,6.856462
378,938,44,108,41,12,19,20,38,1,0,1,0,6.84375
379,1250,40,114,37,16,8,8,30,1,0,1,5,7.130899
380,586,60,111,37,18,6,10,34,1,0,0,3,6.37332
381,693,53,101,29,12,7,6,28,1,0,0,1,6.54103
382,562,40,99,25,12,18,12,34,0,0,0,1,6.331502
383,375,60,75,24,12,12,5,30,0,0,0,4,5.926926
384,673,40,91,29,12,7,11,38,1,0,0,0,6.511745
385,654,50,113,38,17,1,13,33,1,0,0,1,6.483108
386,692,50,120,34,12,17,7,35,1,0,0,3,6.539586
387,1111,40,98,32,14,10,1,29,1,0,1,3,7.013016
388,1368,45,107,31,16,11,1,33,1,0,1,2,7.221105
389,1282,45,121,39,18,7,13,32,1,0,1,2,7.156177
390,1346,40,134,42,15,15,7,35,1,0,1,2,7.204893
391,854,48,120,38,16,8,5,29,0,0,1,2,6.749931
392,888,50,105,36,15,9,5,32,0,0,1,2,6.788972
393,1161,50,121,40,12,5,10,34,1,0,1,5,7.057037
394,583,58,113,29,16,9,0,30,1,0,1,2,6.368187
395,1260,45,106,37,12,5,3,29,1,0,1,2,7.138867
396,947,48,104,41,18,8,13,35,1,0,0,3,6.853299
397,1850,40,80,23,11,14,15,33,1,0,1,3,7.522941
398,1575,40,117,28,12,13,2,30,1,0,1,3,7.36201
399,758,38,126,42,16,10,8,28,0,0,1,2,6.630683
400,1442,40,112,42,12,19,15,36,1,0,1,3,7.273787
401,1126,40,116,33,12,5,0,31,1,1,1,9,7.026427
402,1000,40,70,18,12,12,5,32,0,1,1,6,6.907755
403,500,70,83,20,12,13,11,32,1,0,1,5,6.214608
404,1200,50,84,13,12,13,9,32,1,0,1,5,7.090077
405,1920,40,109,32,12,13,2,31,1,0,0,0,7.560081
406,684,45,111,25,14,7,7,29,1,0,1,4,6.527958
407,774,40,94,33,12,20,4,37,1,0,0,1,6.651572
408,233,60,96,32,16,7,4,30,1,0,0,3,5.451038
409,975,40,101,33,13,12,10,30,1,0,0,3,6.882438
410,1366,40,90,35,12,13,1,30,1,0,1,3,7.219642
411,2137,40,120,48,16,16,3,37,1,0,1,3,7.667158
412,700,40,120,38,16,10,1,29,1,0,1,1,6.55108
413,1200,40,108,29,12,16,11,33,1,0,1,3,7.090077
414,1161,40,99,43,13,16,18,36,1,0,1,0,7.057037
415,729,60,80,31,11,16,15,34,1,0,1,6,6.591674
416,750,45,93,45,11,17,2,36,1,0,1,1,6.620073
417,1111,45,118,43,15,11,3,32,1,0,1,3,7.013016
418,625,50,115,31,12,12,8,31,1,0,1,2,6.437752
419,1200,42,119,28,16,11,5,30,1,0,1,5,7.090077
420,1541,40,94,39,12,8,1,32,1,0,1,8,7.340187
421,1154,40,109,42,16,12,9,34,1,0,1,0,7.05099
422,310,40,104,37,13,10,0,33,0,0,0,2,5.736572
423,610,50,89,21,12,14,4,30,1,0,0,1,6.413459
424,1749,43,101,28,12,16,17,36,1,0,0,2,7.466799
425,1000,40,96,34,16,9,1,31,0,0,1,4,6.907755
426,350,40,109,48,12,14,1,36,1,0,0,1,5.857933
427,765,45,94,38,12,17,18,37,1,0,0,10,6.639876
428,790,40,115,34,12,15,2,34,1,0,0,6,6.672033
429,818,47,92,41,12,16,17,38,1,0,0,12,6.706862
430,477,60,71,32,9,12,1,30,1,0,0,4,6.167517
431,938,50,130,39,14,15,1,33,1,0,0,3,6.84375
432,2099,55,119,38,16,10,4,32,1,0,1,0,7.649216
433,350,40,74,24,12,14,3,32,1,0,1,4,5.857933
434,940,48,104,25,12,13,0,32,1,1,1,7,6.84588
435,1202,40,124,23,15,11,8,28,1,0,1,2,7.091742
436,450,40,94,29,15,9,4,31,1,0,0,1,6.109248
437,1058,40,120,44,16,16,13,37,1,0,0,5,6.964136
438,1000,40,96,40,11,15,15,37,1,0,1,5,6.907755
439,318,40,67,35,12,16,5,36,1,1,1,6,5.762052
440,556,40,69,26,11,13,9,34,0,1,1,3,6.320768
441,958,60,98,42,12,11,9,28,1,0,1,0,6.864848
442,995,40,92,23,9,22,13,38,1,1,1,7,6.902743
443,1600,50,109,44,14,16,5,33,1,0,0,2,7.377759
444,606,45,100,39,18,6,5,30,0,0,0,1,6.40688
445,511,45,101,25,12,13,1,30,1,0,1,4,6.23637
446,1411,45,111,40,16,11,12,32,1,0,1,1,7.252054
447,1346,40,106,38,16,15,11,37,1,0,1,1,7.204893
448,1522,46,102,37,12,15,16,37,1,0,0,3,7.327781
449,1075,40,115,28,14,9,10,30,1,0,0,2,6.980076
450,1200,50,99,37,12,11,11,28,1,0,1,5,7.090077
451,1377,37,118,48,16,15,1,36,1,0,1,2,7.227663
452,874,55,132,37,13,8,2,33,1,0,0,2,6.77308
453,625,40,108,26,13,11,9,30,1,0,1,3,6.437752
454,1250,32,98,40,12,17,2,33,1,0,1,0,7.130899
455,1082,40,111,44,13,20,12,36,1,0,1,4,6.986567
456,693,40,79,36,11,18,3,38,1,0,0,3,6.54103
457,727,55,97,29,12,11,11,31,1,0,0,3,6.588926
458,615,50,99,49,15,16,15,38,1,0,0,2,6.421622
459,913,40,101,33,16,5,7,31,1,0,1,2,6.816736
460,884,46,120,45,17,4,10,36,1,0,0,2,6.784457
461,698,43,97,33,12,10,4,29,1,0,1,2,6.548219
462,800,55,106,34,12,17,18,36,1,0,0,3,6.684612
463,812,40,131,44,16,9,3,30,0,0,0,1,6.699501
464,1000,40,93,32,11,16,14,34,1,0,1,1,6.907755
465,549,49,79,23,12,11,3,32,0,0,0,4,6.308098
466,1300,35,100,38,12,13,15,31,1,0,1,4,7.17012
467,923,50,107,30,16,9,8,33,1,0,1,6,6.827629
468,1539,40,112,42,12,15,15,32,1,0,0,3,7.338888
469,721,40,105,22,12,11,9,30,1,0,0,3,6.580639
470,815,40,114,25,12,15,14,31,1,0,0,2,6.703188
471,600,80,116,36,12,20,2,38,1,0,0,10,6.39693
472,1100,40,104,41,12,18,7,37,1,0,1,2,7.003066
473,1058,40,85,48,12,18,19,35,1,0,1,2,6.964136
474,962,40,93,46,12,15,1,30,1,0,1,2,6.869014
475,433,50,100,40,12,5,9,37,1,0,0,2,6.070738
476,1417,38,88,36,16,9,10,32,0,0,1,2,7.256297
477,1000,65,93,32,12,11,9,29,1,0,1,7,6.907755
478,500,40,98,26,13,14,5,32,1,0,0,3,6.214608
479,800,50,110,35,14,8,5,28,1,0,1,3,6.684612
480,766,40,109,31,12,17,18,35,1,0,0,4,6.641182
481,750,43,94,38,14,12,10,33,1,0,0,1,6.620073
482,550,40,77,36,12,15,2,37,1,0,0,6,6.309918
483,723,40,102,44,12,12,10,30,1,0,1,10,6.583409
484,1039,40,113,49,14,12,8,34,1,0,1,1,6.946014
485,200,55,103,38,10,11,15,32,1,0,1,3,5.298317
486,400,40,90,36,10,12,1,32,1,1,1,5,5.991465
487,575,40,96,31,11,17,1,35,1,0,1,2,6.35437
488,850,40,97,35,11,16,5,37,1,0,1,1,6.745236
489,508,50,87,35,12,16,1,32,1,1,1,2,6.230482
490,1162,45,89,39,12,11,4,37,1,0,1,3,7.057898
491,1199,43,70,28,13,13,5,30,1,1,1,3,7.089243
492,1270,40,104,34,16,8,4,31,1,0,1,3,7.146772
493,350,45,116,36,16,5,3,33,1,0,1,2,5.857933
494,963,40,85,32,14,9,9,28,1,1,1,5,6.870053
495,1463,45,104,47,15,14,11,37,1,0,1,3,7.288244
496,802,40,99,26,12,13,12,29,1,1,1,8,6.687109
497,642,45,93,18,12,12,7,30,1,1,1,1,6.464588
498,751,40,114,37,13,9,2,28,1,0,1,2,6.621406
499,488,40,103,40,17,5,3,31,1,0,1,1,6.190315
500,1400,40,92,34,12,15,5,36,1,0,1,2,7.244227
501,940,45,98,41,18,10,7,31,1,0,1,2,6.84588
502,866,40,114,48,13,15,16,37,1,0,1,3,6.763885
503,675,40,77,42,12,20,4,38,1,1,1,5,6.514713
504,375,40,89,24,14,9,3,30,1,1,1,3,5.926926
505,346,40,110,37,12,16,17,38,1,0,1,2,5.846439
506,1442,40,132,39,17,8,1,33,1,0,1,3,7.273787
507,560,49,112,37,16,13,2,32,1,0,0,3,6.327937
508,550,56,99,42,12,17,11,36,1,0,1,1,6.309918
509,950,44,96,26,16,8,10,32,1,1,1,1,6.856462
510,684,45,106,45,13,16,2,38,1,0,1,1,6.527958
511,1322,40,128,43,16,7,1,33,1,0,1,0,7.186901
512,1634,40,95,48,12,18,3,38,1,0,1,3,7.398786
513,417,40,80,30,12,8,0,30,0,0,1,3,6.033086
514,472,45,71,24,11,9,0,32,1,0,1,13,6.156979
515,666,50,89,28,12,16,1,34,1,1,1,6,6.50129
516,1679,55,127,45,18,10,3,32,1,0,1,1,7.425954
517,1039,40,114,43,16,1,9,31,0,0,1,6,6.946014
518,1250,40,102,30,13,13,11,30,1,0,1,5,7.130899
519,760,40,88,34,12,12,15,31,1,0,1,2,6.633318
520,1154,42,88,32,12,14,12,29,1,0,1,2,7.05099
521,1602,60,110,45,15,14,1,37,1,0,1,5,7.379008
522,1442,40,110,40,13,13,13,29,1,1,1,1,7.273787
523,865,40,130,39,16,5,3,30,1,0,1,4,6.76273
524,1000,40,101,36,12,16,1,35,1,0,1,1,6.907755
525,852,44,89,36,10,13,9,32,1,0,1,6,6.747587
526,770,40,80,25,12,16,14,35,1,0,1,1,6.64639
527,1000,40,72,20,12,16,9,34,1,0,1,3,6.907755
528,1329,55,115,56,18,10,5,36,1,0,1,1,7.192182
529,1682,40,115,48,16,10,4,37,1,0,1,1,7.427739
530,577,55,108,47,16,4,0,31,1,1,1,2,6.357842
531,685,40,93,27,12,17,7,38,0,0,1,6,6.529419
532,577,40,111,37,16,8,8,29,0,1,1,1,6.357842
533,1040,40,101,38,12,19,9,38,1,1,1,6,6.946976
534,1250,40,92,42,16,10,11,32,0,0,1,1,7.130899
535,600,40,115,40,13,7,7,28,0,0,1,4,6.39693
536,480,40,76,29,12,17,3,35,0,1,1,8,6.173786
537,1000,40,93,26,11,11,0,29,1,0,1,5,6.907755
538,988,48,91,39,12,15,15,36,1,0,1,1,6.895683
539,478,45,90,35,10,19,10,34,1,0,1,2,6.169611
540,440,40,84,23,12,11,2,30,1,1,1,5,6.086775
541,1550,40,104,47,12,16,1,34,1,0,0,8,7.34601
542,960,40,107,23,12,11,9,29,1,1,1,11,6.866933
543,1000,40,100,42,12,16,14,32,1,0,1,2,6.907755
544,625,40,129,40,18,4,5,36,1,0,0,3,6.437752
545,1346,40,112,39,16,14,14,35,1,0,1,0,7.204893
546,961,40,76,17,12,13,13,31,0,1,1,13,6.867974
547,1201,50,98,38,11,17,16,36,1,0,0,4,7.09091
548,1122,35,132,45,18,13,8,32,1,0,1,2,7.022868
549,543,45,90,31,14,5,7,38,1,1,1,1,6.297109
550,450,40,63,26,11,12,4,31,1,1,1,7,6.109248
551,507,55,110,36,14,10,4,32,1,0,1,2,6.228511
552,586,56,98,41,11,18,16,35,1,0,1,2,6.37332
553,462,55,61,24,12,6,4,29,1,1,0,9,6.135565
554,1566,40,127,44,12,7,1,29,1,0,1,3,7.35628
555,1634,40,94,39,13,18,18,36,1,0,1,2,7.398786
556,1282,45,97,48,16,4,1,32,1,0,1,11,7.156177
557,556,40,127,44,16,6,2,31,1,1,1,2,6.320768
558,1200,40,109,42,15,7,8,33,1,0,1,2,7.090077
559,855,45,89,21,12,6,6,31,1,0,0,4,6.751101
560,1053,40,90,33,12,18,7,37,1,0,0,1,6.959399
561,1000,48,105,39,12,11,4,28,1,0,0,0,6.907755
562,900,55,100,27,12,18,5,34,0,0,1,2,6.802395
563,1602,45,111,40,16,10,10,31,1,0,0,1,7.379008
564,508,50,125,44,17,9,2,31,1,0,1,3,6.230482
565,1500,60,124,20,16,6,6,29,1,0,0,2,7.313221
566,1682,50,107,41,14,15,9,32,1,0,1,0,7.427739
567,750,40,110,45,13,13,1,35,1,0,1,2,6.620073
568,843,40,102,32,14,8,7,29,1,0,0,1,6.736967
569,1004,40,81,36,12,17,15,34,1,0,0,1,6.911747
570,650,40,99,36,12,13,10,30,1,0,0,1,6.476973
571,808,40,93,26,12,17,9,37,1,1,0,4,6.694562
572,2137,45,102,35,13,8,2,30,1,0,0,0,7.667158
573,761,48,95,44,12,14,21,38,1,0,1,1,6.634634
574,769,40,98,37,16,8,3,35,0,0,1,0,6.645091
575,495,40,88,30,12,6,10,31,1,0,1,2,6.204558
576,987,38,109,41,16,9,3,31,1,0,1,3,6.89467
577,2500,60,82,41,12,21,1,38,1,0,0,3,7.824046
578,1098,45,105,22,14,6,1,32,0,0,1,1,7.001245
579,1212,40,95,36,12,6,16,38,1,0,0,3,7.100027
580,577,40,92,33,15,8,1,28,1,1,1,1,6.357842
581,390,59,74,26,15,10,3,30,1,1,1,3,5.966147
582,1500,40,123,43,16,9,12,32,1,0,1,1,7.313221
583,583,80,86,24,12,9,1,30,1,0,1,2,6.368187
584,945,40,87,41,12,12,13,38,1,0,1,2,6.851185
585,1442,60,117,39,16,9,3,31,1,0,1,1,7.273787
586,1333,45,112,50,16,14,8,38,1,0,1,1,7.195187
587,1500,37,119,41,15,8,5,33,0,0,1,1,7.313221
588,700,40,74,29,12,16,4,36,1,1,1,3,6.55108
589,973,36,81,33,13,11,5,32,1,0,1,0,6.880384
590,2162,40,124,48,18,10,8,32,1,0,1,1,7.678789
591,797,41,89,38,12,10,7,36,1,0,0,1,6.680855
592,400,40,88,34,12,14,1,32,1,1,1,7,5.991465
593,1015,40,67,31,12,15,11,32,1,1,1,3,6.922644
594,1744,43,106,41,16,8,9,29,1,0,1,1,7.463937
595,630,40,103,30,15,14,2,32,1,0,0,0,6.44572
596,445,40,91,40,12,11,4,32,1,0,0,0,6.098074
597,660,42,101,34,16,12,9,31,1,0,1,0,6.49224
598,779,40,85,30,12,14,7,37,1,1,1,7,6.658011
599,377,40,83,32,12,9,1,36,0,0,1,1,5.932245
600,560,44,70,34,12,16,11,35,1,1,1,2,6.327937
601,1122,60,102,54,17,7,13,32,1,0,1,2,7.022868
602,453,50,94,34,12,9,2,30,1,0,0,6,6.115892
603,1386,40,97,38,10,17,9,37,1,0,1,1,7.234177
604,1539,40,115,38,17,7,9,31,1,0,1,2,7.338888
605,1154,40,117,38,16,11,12,35,1,0,1,5,7.05099
606,962,50,105,45,14,15,2,37,1,0,1,3,6.869014
607,722,55,113,36,16,8,1,38,0,0,1,1,6.582025
608,480,40,83,37,12,9,3,37,1,0,1,4,6.173786
609,808,50,101,44,18,8,9,38,1,0,0,3,6.694562
610,1442,40,113,36,13,14,8,36,1,0,1,2,7.273787
611,1091,50,88,31,13,13,4,37,1,0,1,4,6.99485
612,350,40,93,41,12,16,0,33,0,1,1,1,5.857933
613,500,40,83,39,12,18,11,36,1,1,1,0,6.214608
614,1026,45,113,27,16,9,13,30,1,0,1,2,6.933423
615,577,40,106,43,17,11,7,33,0,1,1,3,6.357842
616,1333,60,106,38,15,5,1,30,1,0,1,2,7.195187
617,1105,40,119,32,16,9,10,30,0,0,1,5,7.007601
618,910,40,82,26,14,5,5,30,1,1,1,10,6.813445
619,1000,40,89,40,12,17,8,38,1,0,1,7,6.907755
620,1160,40,74,18,12,14,1,33,1,1,1,9,7.056175
621,1001,34,77,22,12,12,3,29,1,1,1,9,6.908755
622,929,40,97,28,13,12,5,30,1,0,1,2,6.834109
623,400,50,68,35,12,4,9,31,1,1,1,6,5.991465
624,1241,40,83,51,13,9,10,33,1,0,1,2,7.123673
625,1065,40,97,40,12,21,10,36,1,0,1,1,6.97073
626,403,45,98,37,12,5,3,30,1,0,1,2,5.998937
627,812,40,81,20,10,17,13,34,1,1,1,2,6.699501
628,700,20,85,27,10,13,0,35,1,1,1,3,6.55108
629,450,40,79,23,10,20,5,36,1,1,1,7,6.109248
630,621,43,84,24,12,14,10,31,1,0,0,4,6.431331
631,441,38,74,24,12,12,11,30,1,0,0,4,6.089045
632,726,45,93,32,12,16,5,36,1,0,0,5,6.58755
633,500,40,69,18,9,21,13,38,1,1,1,8,6.214608
634,1000,44,113,41,17,8,2,34,1,0,1,4,6.907755
635,393,48,92,37,12,15,16,38,1,0,1,1,5.97381
636,600,40,127,44,12,8,3,28,0,0,0,2,6.39693
637,962,50,109,44,12,21,12,37,1,0,0,0,6.869014
638,962,40,97,42,12,15,4,34,1,0,0,5,6.869014
639,865,40,66,30,11,10,7,30,1,0,1,14,6.76273
640,1154,50,109,46,16,10,3,35,1,0,1,2,7.05099
641,1386,42,109,43,16,10,11,34,1,0,0,1,7.234177
642,865,40,85,44,13,4,9,34,1,0,1,3,6.76273
643,700,40,81,26,12,13,13,31,1,0,0,5,6.55108
644,975,40,87,12,9,20,10,37,1,0,0,3,6.882438
645,1300,40,78,40,13,12,3,33,1,0,1,2,7.17012
646,900,40,54,37,14,12,3,31,1,0,1,2,6.802395
647,829,40,98,33,12,15,15,36,1,0,1,4,6.72022
648,827,40,105,29,16,7,8,30,1,0,1,2,6.717805
649,500,44,87,25,13,5,2,31,1,0,1,7,6.214608
650,1155,40,117,25,13,9,1,28,1,0,1,3,7.051856
651,950,55,85,30,15,8,3,29,0,0,1,2,6.856462
652,700,40,82,35,13,10,4,30,1,0,1,4,6.55108
653,1710,45,114,39,18,7,6,32,1,0,1,1,7.444249
654,533,30,65,21,12,5,1,32,0,1,1,5,6.278522
655,2004,48,105,48,18,10,0,34,1,0,1,2,7.602901
656,890,60,92,20,14,9,8,32,1,0,1,1,6.791222
657,3078,30,107,23,13,11,4,29,1,0,1,2,8.032035
658,1539,40,111,41,17,10,13,37,1,0,1,3,7.338888
659,1354,40,119,49,17,13,9,35,0,0,0,2,7.210818
660,1143,35,97,40,12,21,8,38,1,0,1,5,7.041412
661,962,40,110,34,12,16,8,33,1,0,1,2,6.869014
662,1250,44,96,32,12,19,20,38,1,0,1,2,7.130899
663,990,40,67,23,12,16,3,34,1,1,1,2,6.897705
664,905,40,102,31,12,17,4,37,1,0,0,5,6.807935
665,926,55,64,22,12,18,0,38,1,0,1,4,6.830874
666,1559,40,103,32,12,17,10,34,1,0,1,3,7.3518
667,1312,40,118,39,10,14,4,32,1,0,1,0,7.179308
668,923,40,118,36,14,8,16,35,1,1,1,5,6.827629
669,879,40,118,41,18,1,9,31,1,0,1,1,6.778785
670,800,25,75,37,13,14,1,38,1,0,1,0,6.684612
671,1049,50,112,45,14,6,10,32,1,0,0,3,6.955593
672,550,40,95,20,12,4,1,30,0,0,0,3,6.309918
673,1190,40,119,38,17,4,2,34,1,0,1,0,7.081708
674,583,48,94,35,14,10,6,37,1,0,0,2,6.368187
675,1200,40,103,27,14,5,2,30,1,0,1,1,7.090077
676,797,55,90,36,16,11,5,33,1,0,1,5,6.680855
677,1371,40,128,50,18,8,13,36,1,0,0,1,7.223296
678,360,55,110,44,13,11,1,38,0,1,1,4,5.886104
679,1270,40,84,40,12,11,12,30,1,0,1,2,7.146772
680,1832,40,97,38,12,16,1,36,1,0,1,1,7.513164
681,909,40,102,34,12,14,5,33,1,0,1,3,6.812345
682,1746,40,131,41,18,9,10,33,1,0,1,7,7.465083
683,520,40,126,23,16,8,1,30,1,0,1,7,6.253829
684,808,40,107,32,16,6,7,29,1,0,0,7,6.694562
685,2137,45,108,45,16,11,2,36,1,0,1,2,7.667158
686,692,50,92,49,15,9,3,38,1,1,1,0,6.539586
687,931,80,108,40,16,4,1,36,1,0,1,4,6.836259
688,812,45,115,46,16,11,3,34,1,0,1,1,6.699501
689,866,40,111,44,14,16,14,35,1,0,1,1,6.763885
690,1442,40,115,47,12,14,9,36,1,0,1,7,7.273787
691,500,40,101,31,14,12,0,32,1,0,0,2,6.214608
692,1384,50,114,48,18,12,2,37,1,0,1,1,7.232733
693,528,55,116,40,18,5,9,30,1,0,1,4,6.269096
694,881,40,90,41,12,4,14,36,1,0,0,2,6.781058
695,1026,45,125,33,12,11,11,28,1,0,1,3,6.933423
696,1212,40,98,26,12,11,12,28,0,0,1,4,7.100027
697,1620,38,111,42,15,8,5,29,1,0,0,1,7.390182
698,1843,48,109,38,16,11,2,32,1,0,1,3,7.51915
699,1602,60,124,36,16,12,2,37,1,0,1,1,7.379008
700,1000,40,121,35,13,6,1,33,1,0,1,2,6.907755
701,737,48,103,37,12,7,4,30,1,0,1,4,6.602588
702,1699,40,96,19,12,10,1,29,0,0,1,2,7.437795
703,1699,40,100,40,12,11,9,33,1,0,1,1,7.437795
704,1025,48,104,30,14,6,5,32,1,0,1,2,6.932448
705,1107,40,112,38,12,12,5,38,1,0,1,5,7.009409
706,625,40,73,24,11,1,1,31,1,0,1,3,6.437752
707,720,50,101,39,13,1,7,29,1,0,1,4,6.579251
708,855,40,99,44,12,19,10,36,1,0,1,1,6.751101
709,1250,40,95,23,12,12,2,32,1,0,1,2,7.130899
710,1130,40,109,40,18,4,13,38,1,0,0,1,7.029973
711,900,40,110,35,12,6,1,28,0,0,1,1,6.802395
712,1924,50,98,49,17,6,7,38,1,0,1,1,7.562161
713,962,40,112,46,15,8,2,37,1,0,1,2,6.869014
714,1573,55,90,28,12,5,3,30,1,0,1,4,7.36074
715,940,45,102,46,14,11,7,36,1,0,1,1,6.84588
716,900,40,119,39,16,8,9,30,1,0,0,1,6.802395
717,882,44,96,34,12,15,13,31,1,0,0,6,6.782192
718,1710,45,118,40,18,12,12,38,1,0,1,1,7.444249
719,1260,45,79,39,12,19,15,37,1,0,0,3,7.138867
720,751,40,96,42,12,9,7,38,1,0,0,1,6.621406
721,1097,50,80,27,11,12,12,28,1,0,0,5,7.000334
722,1001,48,137,36,13,11,11,33,1,0,0,5,6.908755
723,1154,40,116,42,15,11,12,34,0,0,0,2,7.05099
724,1000,43,69,31,12,15,16,35,1,0,1,4,6.907755
725,1250,40,78,36,12,16,3,33,1,0,1,9,7.130899
726,857,65,99,41,12,18,3,38,1,0,1,2,6.753438
727,1211,27,92,33,12,13,3,31,1,0,1,3,7.099202
728,937,32,113,23,16,12,7,29,1,0,1,3,6.842683
729,872,45,115,30,15,7,4,29,1,0,1,3,6.77079
730,1200,40,96,26,9,18,0,34,1,0,1,4,7.090077
731,1261,40,117,41,17,1,9,35,1,0,1,4,7.13966
732,950,40,96,38,12,14,2,35,1,0,1,1,6.856462
733,115,50,108,46,12,9,3,29,1,0,1,5,4.744932
734,673,40,92,34,17,6,4,31,1,0,1,5,6.511745
735,1084,45,95,38,15,17,10,37,1,0,1,1,6.988413
736,1058,40,94,40,14,13,14,34,1,0,1,0,6.964136
737,800,40,115,38,12,20,12,38,1,0,0,7,6.684612
738,1924,40,105,42,16,14,13,36,1,0,0,0,7.562161
739,855,40,109,36,12,17,15,36,1,0,0,3,6.751101
740,864,40,87,38,12,15,6,31,1,0,0,1,6.761573
741,1092,44,110,34,16,15,13,36,1,0,1,4,6.995766
742,1025,40,110,30,16,9,4,30,1,0,0,3,6.932448
743,850,35,109,32,12,11,2,31,1,0,0,2,6.745236
744,673,40,85,21,12,17,10,35,1,0,0,2,6.511745
745,800,40,105,42,14,12,12,37,1,0,0,3,6.684612
746,1049,44,122,39,16,7,3,33,1,0,0,3,6.955593
747,884,40,108,40,17,9,11,35,1,0,1,3,6.784457
748,800,40,122,38,16,10,2,31,0,0,1,3,6.684612
749,1200,40,79,32,17,9,9,32,1,0,1,0,7.090077
750,664,40,105,30,12,8,10,29,1,0,1,7,6.498282
751,1000,40,110,42,12,6,12,37,1,0,1,5,6.907755
752,875,40,92,32,12,8,4,29,0,0,1,4,6.774224
753,1202,40,131,32,16,10,2,33,1,0,0,3,7.091742
754,666,40,104,32,12,10,2,29,1,0,0,2,6.50129
755,923,40,110,39,16,15,11,37,1,0,0,2,6.827629
756,788,40,99,20,12,10,10,28,1,0,1,4,6.669498
757,950,40,86,31,10,23,5,38,1,0,1,9,6.856462
758,866,40,85,26,12,11,12,30,1,1,0,8,6.763885
759,625,40,72,34,9,17,5,34,1,0,0,10,6.437752
760,680,40,86,35,12,13,9,32,0,0,0,6,6.522093
761,693,40,68,38,12,11,19,35,1,0,0,5,6.54103
762,875,36,95,22,12,16,2,38,0,1,0,8,6.774224
763,2308,40,116,42,17,8,2,38,1,0,0,6,7.744137
764,1196,45,96,45,14,10,4,32,1,0,0,2,7.086738
765,700,38,85,36,12,13,8,32,1,1,1,6,6.55108
766,721,40,100,32,12,8,8,29,1,0,1,3,6.580639
767,1500,40,101,38,13,13,2,32,1,0,1,5,7.313221
768,1050,50,97,31,15,4,9,31,1,1,1,2,6.956545
769,1198,32,117,39,16,7,9,30,1,0,1,1,7.088409
770,390,55,93,38,12,4,2,32,1,0,1,1,5.966147
771,889,36,116,37,12,12,11,28,1,0,1,1,6.790097
772,1076,38,106,42,12,19,20,36,1,0,1,1,6.981006
773,1127,40,98,45,12,17,12,36,1,0,1,1,7.027315
774,750,50,103,36,15,1,1,37,1,0,0,1,6.620073
775,855,40,118,41,14,6,14,33,1,0,0,3,6.751101
776,525,40,100,22,13,5,1,31,1,0,0,1,6.263398
777,1104,54,96,39,12,11,4,29,1,0,0,1,7.006695
778,553,40,67,22,12,11,10,30,1,1,0,7,6.315358
779,800,43,96,27,12,10,1,29,1,0,0,1,6.684612
780,1384,50,104,42,13,8,7,31,1,0,0,3,7.232733
781,425,30,106,34,17,8,0,36,0,0,0,0,6.052089
782,510,54,62,34,11,13,4,33,0,1,1,7,6.234411
783,370,32,73,31,12,13,2,31,1,1,0,9,5.913503
784,596,40,62,26,12,16,14,33,1,1,0,9,6.390241
785,402,40,76,28,12,9,4,28,1,1,1,4,5.996452
786,418,40,76,26,12,12,2,31,1,1,0,0,6.035481
787,1133,40,106,44,16,13,10,36,1,0,0,1,7.032624
788,681,40,94,24,12,18,15,35,0,0,1,4,6.523562
789,950,40,81,29,11,16,5,35,1,0,0,3,6.856462
790,600,40,87,15,10,20,7,36,1,0,0,0,6.39693
791,661,40,96,25,13,8,6,29,0,0,0,3,6.493754
792,925,40,75,27,12,12,9,30,1,0,0,2,6.829794
793,550,40,95,34,12,14,13,31,1,0,0,0,6.309918
794,606,40,86,19,11,13,11,30,1,0,0,4,6.40688
795,425,40,86,17,10,7,1,30,1,0,0,4,6.052089
796,340,50,104,41,14,4,1,31,1,0,1,5,5.828946
797,692,50,95,21,12,16,9,34,1,0,1,2,6.539586
798,575,40,116,37,12,11,9,29,1,0,0,1,6.35437
799,571,40,66,20,9,15,10,33,1,0,0,5,6.347389
800,817,40,101,38,16,11,9,32,1,0,1,1,6.705639
801,987,40,96,23,12,11,5,29,1,0,0,1,6.89467
802,616,55,104,41,12,16,18,35,1,0,1,4,6.423247
803,1026,60,105,34,16,12,1,35,1,0,1,3,6.933423
804,808,40,106,34,12,4,3,29,1,0,1,1,6.694562
805,808,50,101,34,17,8,0,30,1,0,1,1,6.694562
806,788,40,96,42,12,13,5,36,1,0,1,4,6.669498
807,850,40,105,34,12,6,2,33,1,0,1,1,6.745236
808,900,38,106,40,12,10,19,38,1,0,1,7,6.802395
809,1418,45,102,44,12,19,20,36,1,0,1,2,7.257003
810,260,40,75,35,12,21,0,37,1,1,0,3,5.560682
811,662,45,99,27,14,7,2,28,1,1,0,6,6.495265
812,562,55,90,46,13,4,1,38,1,0,0,1,6.331502
813,562,80,104,30,12,11,5,28,1,0,0,1,6.331502
814,1009,40,118,37,16,11,12,32,1,0,0,0,6.916715
815,1442,40,108,40,12,17,17,36,1,0,1,1,7.273787
816,651,40,76,30,11,11,2,29,1,1,1,7,6.478509
817,754,40,55,23,12,13,14,33,1,1,0,2,6.625392
818,503,40,84,14,11,11,2,30,0,1,1,3,6.22059
819,937,40,104,37,12,14,15,32,1,0,0,1,6.842683
820,624,40,92,40,10,18,10,36,1,0,0,2,6.436151
821,750,40,83,27,12,4,10,32,1,1,0,7,6.620073
822,900,40,98,36,14,1,8,30,1,1,0,7,6.802395
823,540,40,70,25,10,12,10,29,1,1,0,9,6.291569
824,642,35,87,26,13,9,3,30,1,0,0,10,6.464588
825,900,40,80,34,10,15,14,38,1,0,0,3,6.802395
826,513,40,104,40,16,8,10,33,1,0,0,5,6.240276
827,894,40,104,35,18,7,10,35,1,0,0,7,6.795706
828,1282,60,96,24,18,7,5,32,1,0,1,4,7.156177
829,485,40,89,24,12,10,9,30,0,0,0,4,6.184149
830,325,55,113,39,12,11,5,29,1,0,0,1,5.783825
831,769,45,105,29,12,16,5,33,1,0,0,4,6.645091
832,618,40,84,39,14,6,8,31,0,0,1,7,6.426488
833,1040,48,108,36,12,16,17,35,1,0,1,6,6.946976
834,751,40,104,32,12,15,4,34,1,0,1,4,6.621406
835,380,50,106,28,12,15,11,30,1,0,0,2,5.940171
836,300,24,83,45,12,16,3,37,1,1,1,4,5.703783
837,753,46,70,34,10,21,7,38,1,0,1,4,6.624065
838,1065,65,104,39,16,10,11,34,1,0,1,2,6.97073
839,1070,40,91,42,12,13,1,30,1,0,1,1,6.975414
840,1573,55,112,42,18,7,8,34,1,0,1,1,7.36074
841,650,40,97,27,10,14,9,30,1,0,0,5,6.476973
842,700,45,99,40,12,15,7,32,1,0,0,4,6.55108
843,520,40,86,28,10,15,12,31,1,0,0,0,6.253829
844,891,40,90,36,12,16,16,32,1,0,0,5,6.792345
845,570,50,101,43,12,11,12,30,1,0,1,2,6.345636
846,1444,40,109,33,15,11,1,29,1,0,1,2,7.275172
847,500,44,107,40,12,21,12,38,1,0,0,2,6.214608
848,1473,40,110,48,16,15,15,36,1,0,0,1,7.295056
849,803,40,120,35,13,4,1,28,1,0,1,3,6.688354
850,962,50,97,34,16,7,2,30,1,0,1,0,6.869014
851,1000,44,103,37,12,9,5,29,1,0,1,0,6.907755
852,600,40,114,36,16,5,4,30,1,0,1,2,6.39693
853,450,40,95,31,11,12,2,30,1,0,0,2,6.109248
854,629,60,93,32,12,6,1,30,1,1,0,8,6.444131
855,1562,40,97,28,17,7,2,32,1,0,1,5,7.353722
856,357,70,97,34,14,6,3,28,1,0,0,1,5.877736
857,566,45,104,46,16,5,2,32,1,0,0,1,6.338594
858,481,40,82,27,12,9,2,32,1,0,0,2,6.175867
859,1442,40,113,45,16,8,10,35,1,0,1,2,7.273787
860,645,45,93,39,12,11,3,35,1,0,0,7,6.46925
861,644,42,101,38,12,11,5,33,1,0,0,4,6.467699
862,477,45,100,33,12,9,3,31,1,0,0,3,6.167517
863,664,60,82,30,16,10,9,34,1,1,1,3,6.498282
864,520,40,79,28,16,6,1,30,1,1,0,0,6.253829
865,1202,40,102,32,13,10,3,31,1,0,1,7,7.091742
866,873,44,109,25,12,12,12,28,1,0,0,1,6.771935
